Aaron Gordon (DEN):Aaron Gordon
Adrien Moerman (Anadolu ):Adrien Moerman
Al Horford (BOS):Al Horford
Aleksandar Vezenkov (Olympiak):Aleksandar Vezenkov
Andrew Wiggins (GSW):Andrew Wiggins
Ante Zizic (Maccabi ):Ante Zizic
Anthony Davis (LAL):Anthony Davis
Anthony Edwards (MIN):Anthony Edwards
Augustine Rubit (Bay):Augustine Rubit
Billy Baron (Zenit St):Billy Baron
Bogdan Bogdanovic (ATL):Bogdan Bogdanovic
Bojan Bogdanovic (UTA):Bojan Bogdanovic
Bradley Beal (WAS):Bradley Beal
Brandon Ingram (NOP):Brandon Ingram
Buddy Hield (SAC):Buddy Hield
C.J. McCollum (POR):C.J. McCollum
Cade Cunningham (DET):Cade Cunningham
Caris LeVert (IND):Caris LeVert
Carmelo Anthony (LAL):Carmelo Anthony
Chris Duarte (IND):Chris Duarte
Chris Paul (PHX):Chris Paul
Christian Wood (HOU):Christian Wood
Christopher Jones (Asvel Ly):Christopher Jones
Cole Anthony (ORL):Cole Anthony
Corey Walden (Bay):Corey Walden
DAngelo Russell (MIN):DAngelo Russell
Damian Lillard (POR):Damian Lillard
Danilo Andjusic (AS Monac):Danilo Andjusic
Darius Bazley (OKC):Darius Bazley
Darius Garland (CLE):Darius Garland
Darrun Hilliard (Bay):Darrun Hilliard
Daryl JR Macon (Panathin):Daryl JR Macon
DeAaron Fox (SAC):DeAaron Fox
DeMar DeRozan (CHI):DeMar DeRozan
Dejounte Murray (SAS):Dejounte Murray
Dennis Schroder (BOS):Dennis Schroder
Derrick Williams (Maccabi ):Derrick Williams
Deshaun Thomas (Bay):Deshaun Thomas
Desmond Bane (MEM):Desmond Bane
Devin Booker (Fenerbah):Devin Booker
Devin Booker (PHX):Devin Booker
Devon Hall (Milano):Devon Hall
Devonte Graham (NOP):Devonte Graham
Dillon Brooks (MEM):Dillon Brooks
Domantas Sabonis (IND):Domantas Sabonis
Donovan Mitchell (UTA):Donovan Mitchell
Donta Hall (AS Monac):Donta Hall
Elie Okobo (Asvel Ly):Elie Okobo
Eric Bledsoe (LAC):Eric Bledsoe
Evan Fournier (NYK):Evan Fournier
Evan Mobley (CLE):Evan Mobley
Fred VanVleet (TOR):Fred VanVleet
Gary Trent Jr. (TOR):Gary Trent Jr.
Georgios Papagiannis (Panathin):Georgios Papagiannis
Giannis Antetokounmpo (MIL):Giannis Antetokounmpo
Gordon Hayward (CHA):Gordon Hayward
Guerschon Yabusele (Real Mad):Guerschon Yabusele
Harrison Barnes (SAC):Harrison Barnes
Ioannis Papapetrou (Panathin):Ioannis Papapetrou
Isaiah Canaan (Uni):Isaiah Canaan
Ja Morant (MEM):Ja Morant
James Harden (BKN):James Harden
James Nunnally (Maccabi ):James Nunnally
Jan Vesely (Fenerbah):Jan Vesely
Janis Strelnieks (Zalgiris):Janis Strelnieks
Jaren Jackson Jr. (MEM):Jaren Jackson Jr.
Jarrett Allen (CLE):Jarrett Allen
Jayson Tatum (BOS):Jayson Tatum
Jerami Grant (DET):Jerami Grant
Joel Embiid (PHI):Joel Embiid
John Collins (ATL):John Collins
Jonas Valanciunas (NOP):Jonas Valanciunas
Jordan Clarkson (UTA):Jordan Clarkson
Jordan Loyd (Zenit St):Jordan Loyd
Jordan Mickey (Zenit St):Jordan Mickey
Jordan Poole (GSW):Jordan Poole
Josh Nebo (Zalgiris):Josh Nebo
Jrue Holiday (MIL):Jrue Holiday
Julius Randle (NYK):Julius Randle
Jusuf Nurkic (POR):Jusuf Nurkic
Karl-Anthony Towns (MIN):Karl-Anthony Towns
Keldon Johnson (SAS):Keldon Johnson
Kevin Durant (BKN):Kevin Durant
Kevin Porter Jr. (HOU):Kevin Porter Jr.
Khris Middleton (MIL):Khris Middleton
Kostas Sloukas (Olympiak):Kostas Sloukas
Krunoslav Simon (Anadolu ):Krunoslav Simon
Kyle Kuzma (WAS):Kyle Kuzma
LaMelo Ball (CHA):LaMelo Ball
Lauri Markkanen (CLE):Lauri Markkanen
Lorenzo Brown (Uni):Lorenzo Brown
Luguentz Dort (OKC):Luguentz Dort
Luigi Datome (Fenerbah):Luigi Datome
Luigi Datome (Milano):Luigi Datome
Lukas Lekavicius (Zalgiris):Lukas Lekavicius
Luke Sikma (Alb):Luke Sikma
Malcolm Brogdon (IND):Malcolm Brogdon
Maodo Lo (Alb):Maodo Lo
Marcos Knight (Asvel Ly):Marcos Knight
Mario Hezonja (Uni):Mario Hezonja
Marko Guduric (Fenerbah):Marko Guduric
Mike Conley (UTA):Mike Conley
Mike James (AS Monac):Mike James
Miles Bridges (CHA):Miles Bridges
Montrezl Harrell (WAS):Montrezl Harrell
Nando De Colo (Fenerbah):Nando De Colo
Nate Wolters (Crvena z):Nate Wolters
Nickeil Alexander Walker (NOP):Nickeil Alexander Walker
Nicolo Melli (Milano):Nicolo Melli
Nikola Jokic (DEN):Nikola Jokic
Nikola Kalinic (Crvena z):Nikola Kalinic
Norman Powell (POR):Norman Powell
OG Anunoby (TOR):OG Anunoby
Ognjen Dobric (Crvena z):Ognjen Dobric
Ognjen Kuzmic (Crvena z):Ognjen Kuzmic
Oscar da Silva (Alb):Oscar da Silva
Pascal Siakam (TOR):Pascal Siakam
Paul George (LAC):Paul George
RJ Barrett (NYK):RJ Barrett
Reggie Jackson (LAC):Reggie Jackson
Richaun Holmes (SAC):Richaun Holmes
Ricky Rubio (CLE):Ricky Rubio
Rodrigue Beaubois (Anadolu ):Rodrigue Beaubois
Rudy Gobert (UTA):Rudy Gobert
Russell Westbrook (LAL):Russell Westbrook
Saddiq Bey (DET):Saddiq Bey
Scottie Barnes (TOR):Scottie Barnes
Sergio Llull (Real Mad):Sergio Llull
Seth Curry (PHI):Seth Curry
Shai Gilgeous-Alexander (OKC):Shai Gilgeous-Alexander
Shane Larkin (Anadolu ):Shane Larkin
Shavon Shields (Milano):Shavon Shields
Spencer Dinwiddie (WAS):Spencer Dinwiddie
Stephen Curry (GSW):Stephen Curry
Tai Webster (Zalgiris):Tai Webster
Terry Rozier (CHA):Terry Rozier
Thomas Heurtel (Real Mad):Thomas Heurtel
Tibor Pleiss (Anadolu ):Tibor Pleiss
Tobias Harris (PHI):Tobias Harris
Trae Young (ATL):Trae Young
Tyler Cavanaugh (Zalgiris):Tyler Cavanaugh
Tyler Dorsey (Olympiak):Tyler Dorsey
Tyrese Maxey (PHI):Tyrese Maxey
Vasilije Micic (Anadolu ):Vasilije Micic
Vladimir Lucic (Bay):Vladimir Lucic
Walter Tavares (Real Mad):Walter Tavares
Will Barton (DEN):Will Barton